,City,Lat,Lng,Temp,Humidity,Cloudiness,Wind,Country,Date
0,husavik,66.0449,-17.3389,41.95,90,100,2.51,IS,1652035899
1,uribia,11.7139,-72.266,90.66,51,53,14.43,CO,1652036171
2,sitka,57.0531,-135.33,49.98,66,25,5.55,US,1652036172
3,tiksi,71.6872,128.8694,-0.26,100,88,4.34,RU,1652036151
4,bredasdorp,-34.5322,20.0403,55.24,87,98,1.95,ZA,1652036143
5,kidal,18.4411,1.4078,93.2,4,0,11.3,ML,1652036173
6,carnarvon,-24.8667,113.6333,66.27,94,0,9.22,AU,1652035772
7,moose factory,51.2585,-80.6094,69.8,18,0,12.66,CA,1652036174
8,inhambane,-23.865,35.3833,73.38,94,20,4.61,MZ,1652035911
9,isangel,-19.55,169.2667,71.71,83,29,3.44,VU,1652035967
10,saint-philippe,-21.3585,55.7679,72.99,82,38,7.74,RE,1652036175
11,cape town,-33.9258,18.4232,58.26,83,0,6.91,ZA,1652036175
12,galle,6.0367,80.217,81.66,86,100,16.11,LK,1652036176
13,hilo,19.7297,-155.09,89.28,88,50,4.0,US,1652036176
14,jamestown,42.097,-79.2353,65.52,23,0,8.05,US,1652035852
15,hasaki,35.7333,140.8333,61.2,54,100,13.42,JP,1652036177
16,tineo,43.3376,-6.4145,56.25,81,6,3.4,ES,1652036178
17,avarua,-21.2078,-159.775,80.65,83,40,5.75,CK,1652036178
18,abonnema,4.7084,6.7931,80.1,85,98,6.64,NG,1652036179
19,nome,64.5011,-165.4064,33.87,93,100,19.57,US,1652036108
20,atuona,-9.8,-139.0333,78.87,73,2,16.15,PF,1652036180
21,rikitea,-23.1203,-134.9692,76.68,77,94,22.17,PF,1652035901
22,solnechnyy,50.7214,136.6319,37.53,75,97,8.28,RU,1652036181
23,hermanus,-34.4187,19.2345,52.81,75,90,5.44,ZA,1652036181
24,kapaa,22.0752,-159.319,77.11,82,77,5.01,US,1652036182
25,ushuaia,-54.8,-68.3,44.26,53,20,40.29,AR,1652036149
26,khatanga,71.9667,102.5,3.16,97,57,9.08,RU,1652036183
27,mataura,-46.1927,168.8643,49.48,97,84,1.52,NZ,1652035913
28,columbia,34.0007,-81.0348,68.49,56,75,10.36,US,1652036071
29,gawler,-34.6,138.7333,55.24,67,69,6.44,AU,1652036184
30,castro,-24.7911,-50.0119,68.04,59,5,4.47,BR,1652035928
31,busselton,-33.65,115.3333,56.43,81,4,2.8,AU,1652035905
32,vaini,-21.2,-175.2,73.56,88,20,8.05,TO,1652035925
33,leningradskiy,69.3833,178.4167,20.75,95,100,4.61,RU,1652036148
34,bluff,-46.6,168.3333,49.8,88,100,3.58,NZ,1652036115
35,buritizeiro,-17.3511,-44.9622,87.4,33,32,7.4,BR,1652036185
36,georgetown,5.4112,100.3354,82.33,92,20,2.3,MY,1652036168
37,kalianget,-7.05,113.9333,80.67,86,100,6.29,ID,1652036186
38,punta arenas,-53.15,-70.9167,48.31,53,40,18.41,CL,1652035913
39,saint george,37.1041,-113.5841,82.63,12,0,11.99,US,1652036186
40,hami,42.8,93.45,67.89,32,0,7.56,CN,1652036187
41,buluang,13.3068,123.3425,76.06,92,9,2.89,PH,1652036188
42,chokurdakh,70.6333,147.9167,8.73,86,68,7.34,RU,1652035838
43,port alfred,-33.5906,26.891,62.4,81,78,9.01,ZA,1652036188
44,hobart,-42.8794,147.3294,42.66,88,36,6.91,AU,1652036126
45,bengkulu,-3.8004,102.2655,77.5,81,100,3.38,ID,1652036189
46,olafsvik,64.8945,-23.7142,45.14,91,100,18.37,IS,1652036189
47,cueto,20.6439,-75.9356,90.14,45,15,12.35,CU,1652036190
48,cap malheureux,-19.9842,57.6142,73.47,79,1,1.99,MU,1652036190
49,general roca,-39.0333,-67.5833,71.62,40,100,21.59,AR,1652036191
50,comodoro rivadavia,-45.8667,-67.5,64.26,27,20,21.85,AR,1652036058
51,lebu,-37.6167,-73.65,56.61,95,100,4.72,CL,1652036003
52,abu kamal,34.4506,40.9171,71.64,30,0,6.02,SY,1652036192
53,rio grande,-32.035,-52.0986,78.91,72,0,9.4,BR,1652035991
54,kodiak,57.79,-152.4072,43.32,62,89,7.4,US,1652036193
55,grindavik,63.8424,-22.4338,57.15,87,75,14.97,IS,1652036193
56,sao felix do xingu,-6.6447,-51.995,87.6,57,71,4.29,BR,1652036194
57,kaitangata,-46.2817,169.8464,50.34,94,54,3.09,NZ,1652036013
58,saskylakh,71.9167,114.0833,10.56,94,95,14.32,RU,1652036194
59,meulaboh,4.1363,96.1285,77.85,88,100,4.09,ID,1652036195
60,new norfolk,-42.7826,147.0587,42.3,79,18,2.59,AU,1652035914
61,zonguldak,41.25,31.8333,41.07,90,13,2.71,TR,1652036196
62,ouadda,8.0777,22.4007,75.96,62,99,3.47,CF,1652036197
63,harrison,30.4091,-89.0436,86.76,69,0,6.53,US,1652036197
64,los llanos de aridane,28.6585,-17.9182,65.95,68,20,14.97,ES,1652036067
65,yellowknife,62.456,-114.3525,30.72,74,100,29.93,CA,1652035909
66,innisfail,-17.5333,146.0333,73.62,92,66,7.18,AU,1652036108
67,albany,42.6001,-73.9662,65.34,27,100,4.0,US,1652035851
68,lompoc,34.6391,-120.4579,73.56,58,0,30.0,US,1652036127
69,zhangjiakou,40.81,114.8794,47.44,71,100,3.06,CN,1652036199
70,mar del plata,-38.0023,-57.5575,73.94,62,0,25.32,AR,1652036199
71,itoman,26.1247,127.6694,75.22,94,75,6.91,JP,1652036200
72,ponta do sol,32.6667,-17.1,68.72,73,72,4.68,PT,1652035910
73,lorengau,-2.0226,147.2712,83.68,72,80,14.36,PG,1652036201
74,puerto ayora,-0.7393,-90.3518,80.56,78,11,11.81,EC,1652035910
75,cherskiy,68.75,161.3,18.63,94,100,7.14,RU,1652035912
76,methoni,36.8197,21.7049,62.46,79,14,5.37,GR,1652036201
77,katsuura,35.1333,140.3,60.4,68,100,11.25,JP,1652035917
78,lumeje,-11.55,20.7833,71.6,54,65,4.18,AO,1652036202
79,arraial do cabo,-22.9661,-42.0278,75.16,73,75,6.91,BR,1652035993
80,nanortalik,60.1432,-45.2371,37.27,89,100,2.19,GL,1652036203
81,imbituba,-28.24,-48.6703,73.85,66,0,11.34,BR,1652036189
82,faanui,-16.4833,-151.75,81.36,76,0,9.71,PF,1652036081
83,port elizabeth,-33.918,25.5701,62.89,77,75,5.75,ZA,1652036204
84,broken hill,-31.95,141.4333,44.31,87,0,8.05,AU,1652036205
85,chuy,-33.6971,-53.4616,67.93,57,5,6.89,UY,1652036205
86,shelabolikha,53.4131,82.6167,42.78,74,49,2.37,RU,1652036206
87,diego de almagro,-26.3667,-70.05,67.55,37,0,8.46,CL,1652036206
88,roma,43.2128,-75.4557,67.57,24,19,4.0,US,1652036207
89,miles city,46.4083,-105.8406,59.58,35,25,4.38,US,1652036207
90,pevek,69.7008,170.3133,23.65,93,100,13.09,RU,1652036208
91,mayor pablo lagerenza,-19.9309,-60.7718,93.79,24,16,9.57,PY,1652035968
92,coquimbo,-29.9533,-71.3436,62.33,67,100,4.61,CL,1652036208
93,kilbirnie,55.7508,-4.6879,60.24,78,100,4.0,GB,1652036209
94,sao filipe,14.8961,-24.4956,73.85,73,1,13.49,CV,1652036210
95,nakhon thai,17.1006,100.8374,76.21,90,68,1.97,TH,1652036210
96,ribeira grande,38.5167,-28.7,66.6,72,20,11.5,PT,1652036211
97,longyearbyen,78.2186,15.6401,17.44,62,40,18.41,SJ,1652036211
98,goa,15.3333,74.0833,84.58,87,100,4.21,IN,1652036177
99,westport,41.1415,-73.3579,61.0,34,100,10.0,US,1652036212
100,north platte,41.1239,-100.7654,74.07,43,25,4.0,US,1652036213
101,butaritari,3.0707,172.7902,81.82,79,21,15.3,KI,1652035918
102,haines junction,60.7522,-137.5108,46.35,57,22,9.22,CA,1652036213
103,hithadhoo,-0.6,73.0833,84.16,78,89,20.36,MV,1652035917
104,shimoda,34.6667,138.95,57.11,87,100,4.5,JP,1652036214
105,hervey bay,-25.2986,152.8535,71.46,83,100,11.14,AU,1652036215
106,batticaloa,7.7102,81.6924,83.88,77,100,6.85,LK,1652036215
107,nikolskoye,59.7035,30.7861,41.81,88,100,4.5,RU,1652036216
108,port lincoln,-34.7333,135.8667,58.41,75,100,9.28,AU,1652036216
109,hambantota,6.1241,81.1185,82.74,94,75,8.05,LK,1652036217
110,catamarca,-28.4696,-65.7852,72.77,54,100,4.0,AR,1652036217
111,yumen,40.2833,97.2,58.87,42,45,1.43,CN,1652036218
112,dikson,73.5069,80.5464,22.05,93,100,29.15,RU,1652035902
113,ahuimanu,21.4447,-157.8378,79.2,70,75,11.5,US,1652036219
114,east london,-33.0153,27.9116,61.74,82,20,12.66,ZA,1652035898
115,bethel,41.3712,-73.414,59.74,48,100,5.01,US,1652036219
116,kupang,-10.1667,123.5833,79.27,74,23,13.04,ID,1652036220
117,kouroussa,10.65,-9.8833,87.69,42,100,2.75,GN,1652036220
118,esso,55.9333,158.7,39.24,94,100,2.95,RU,1652036221
119,karsava,56.7841,27.6883,43.03,46,88,9.22,LV,1652036221
120,tuktoyaktuk,69.4541,-133.0374,37.4,75,75,14.97,CA,1652035898
121,provideniya,64.3833,-173.3,31.64,94,67,8.32,RU,1652036222
122,vaasa,63.096,21.6158,43.29,61,0,5.75,FI,1652036222
123,vila velha,-20.3297,-40.2925,80.55,61,75,18.41,BR,1652036223
124,dinguiraye,11.3,-10.7167,88.41,38,100,5.21,GN,1652036224
125,daru,-9.0763,143.2092,80.62,90,84,9.42,PG,1652036224
126,aklavik,68.2191,-135.0107,44.6,57,20,8.05,CA,1652036225
127,san patricio,28.017,-97.5169,93.54,47,5,20.02,US,1652036178
128,skjervoy,70.0311,20.9714,35.6,64,100,27.94,NO,1652036226
129,atar,20.5169,-13.0499,99.43,14,99,7.67,MR,1652036226
130,esperance,-33.8667,121.9,55.24,44,3,10.31,AU,1652036227
131,guerrero negro,27.9769,-114.0611,67.28,56,0,17.92,MX,1652036227
132,edson,53.5835,-116.4356,41.14,52,75,16.11,CA,1652036108
133,doha,25.2867,51.5333,85.98,25,0,20.71,QA,1652036228
134,bohdan,48.0412,24.3522,50.94,94,93,4.59,UA,1652036228
135,ilulissat,69.2167,-51.1,26.35,71,3,2.71,GL,1652036177
136,san cristobal,7.7669,-72.225,82.58,51,33,6.96,VE,1652036229
137,necochea,-38.5473,-58.7368,73.62,52,10,16.35,AR,1652036230
138,kruisfontein,-34.0033,24.7314,53.89,63,100,2.66,ZA,1652036230
139,ruidoso,33.3317,-105.673,80.06,12,0,26.46,US,1652036231
140,belmonte,-15.8631,-38.8828,76.69,83,100,10.36,BR,1652036231
141,birin,26.8865,88.0718,61.27,77,22,5.73,NP,1652036232
142,barrow,71.2906,-156.7887,22.46,87,24,8.14,US,1652036232
143,thompson,55.7435,-97.8558,50.16,76,75,20.71,CA,1652036233
144,nacala,-14.5428,40.6728,72.41,87,5,5.99,MZ,1652036233
145,teahupoo,-17.8333,-149.2667,76.96,79,43,11.9,PF,1652036234
146,san policarpo,12.1791,125.5072,81.12,74,19,9.37,PH,1652036234
147,caohai,26.8661,104.2841,55.24,97,100,1.7,CN,1652036235
148,mtimbira,-8.7833,36.35,72.05,80,65,3.29,TZ,1652036235
149,pangnirtung,66.1451,-65.7125,27.34,85,47,4.03,CA,1652036236
150,iqaluit,63.7506,-68.5145,29.93,68,40,3.44,CA,1652036237
151,maltahohe,-24.8333,16.9833,52.72,31,0,9.71,NA,1652036237
152,riyadh,24.6877,46.7219,84.34,14,0,15.05,SA,1652035969
153,horsham,51.064,-0.3272,60.51,55,0,10.36,GB,1652036238
154,asau,46.4333,26.4,54.52,68,100,2.26,RO,1652036174
155,saint anthony,45.0205,-93.218,62.65,55,75,16.11,US,1652036239
156,kavieng,-2.5744,150.7967,83.75,72,100,17.78,PG,1652036239
157,chocope,-7.7914,-79.2217,63.45,67,100,14.99,PE,1652036240
158,helong,42.5397,128.9972,41.05,44,0,5.01,CN,1652036240
159,quelimane,-17.8786,36.8883,75.15,83,75,5.75,MZ,1652036241
160,broome,42.2506,-75.833,65.66,28,2,5.99,US,1652036241
161,pemangkat,1.1667,108.9667,79.09,81,100,6.08,ID,1652036242
162,airai,-8.9266,125.4092,58.53,92,49,4.05,TL,1652036242
163,saint-francois,46.4154,3.9054,67.44,49,0,4.61,FR,1652036243
164,auxerre,47.8,3.5667,57.74,92,0,7.23,FR,1652036220
165,half moon bay,37.4636,-122.4286,60.42,75,75,11.5,US,1652036243
166,tasiilaq,65.6145,-37.6368,36.37,68,100,5.06,GL,1652036244
167,ancud,-41.8697,-73.8203,54.18,74,19,7.45,CL,1652036244
168,antsohihy,-14.8796,47.9875,75.51,89,15,1.19,MG,1652036245
169,ulaanbaatar,47.9077,106.8832,51.93,71,75,2.24,MN,1652036171
170,fairbanks,64.8378,-147.7164,43.21,70,100,8.05,US,1652036246
171,faya,18.3851,42.4509,69.91,57,1,1.86,SA,1652036246
172,pauini,-7.7136,-66.9764,83.71,74,52,1.25,BR,1652036247
173,cabo san lucas,22.8909,-109.9124,89.62,52,85,11.81,MX,1652036155
174,samarai,-10.6167,150.6667,82.36,81,100,13.18,PG,1652036247
175,chernaya kholunitsa,58.8511,51.7154,47.93,64,15,9.73,RU,1652036248
176,goderich,43.7501,-81.7165,57.52,38,0,5.75,CA,1652036248
177,havre-saint-pierre,50.2334,-63.5986,50.36,34,0,19.57,CA,1652036249
178,sakakah,29.9697,40.2064,72.97,15,7,7.72,SA,1652036250
179,tefe,-3.3542,-64.7114,89.71,66,40,3.44,BR,1652036250
180,qaanaaq,77.484,-69.3632,26.02,70,100,1.68,GL,1652036251
181,severo-kurilsk,50.6789,156.125,38.55,95,100,20.18,RU,1652035906
182,tamuin,21.9833,-98.75,102.72,34,0,6.08,MX,1652036251
183,chern,53.4523,36.9145,51.71,94,100,9.15,RU,1652036252
184,hongjiang,27.11,109.9956,70.16,97,100,1.57,CN,1652036252
185,asyut,27.181,31.1837,89.78,13,100,4.21,EG,1652036253
186,mombetsu,44.3525,143.3525,43.99,64,97,17.2,JP,1652036253
187,mount gambier,-37.8333,140.7667,40.91,93,40,5.75,AU,1652036254
188,nuevitas,21.5453,-77.2644,87.76,56,70,7.9,CU,1652036255
189,sucua,-2.4667,-78.1667,70.54,94,100,5.75,EC,1652036255
190,sept-iles,50.2001,-66.3821,49.05,46,20,16.11,CA,1652036162
191,nantucket,41.2835,-70.0995,50.0,78,100,32.86,US,1652036237
192,mayskiy,47.6931,40.1025,49.41,46,100,5.3,RU,1652036256
193,roald,62.5833,6.1333,50.92,71,0,8.05,NO,1652036257
194,imeni poliny osipenko,52.4201,136.4853,31.19,90,0,4.97,RU,1652036257
195,san quintin,30.4833,-115.95,63.18,65,0,20.07,MX,1652036258
196,okha,53.5739,142.9478,31.41,99,100,15.5,RU,1652036258
197,boca do acre,-8.7522,-67.3978,90.55,46,87,0.83,BR,1652036259
198,kalawit,8.0667,122.5167,79.72,89,82,9.57,PH,1652036259
199,vallenar,-28.5708,-70.7581,68.77,47,84,5.77,CL,1652036260
200,port hawkesbury,45.6169,-61.3485,52.92,63,0,17.27,CA,1652036193
201,richards bay,-28.783,32.0377,67.14,85,100,12.19,ZA,1652036155
202,kamaishi,39.2667,141.8833,47.53,83,100,5.61,JP,1652036260
203,ngaoundere,7.3167,13.5833,75.69,53,91,2.04,CM,1652036261
204,bathsheba,13.2167,-59.5167,86.61,70,20,14.97,BB,1652036262
205,rawson,-43.3002,-65.1023,65.89,28,100,25.9,AR,1652036262
206,portoferraio,42.8115,10.3146,67.08,77,27,14.52,IT,1652036263
207,mersing,2.4312,103.8405,78.71,94,20,3.44,MY,1652036263
208,adrar,20.5022,-10.0711,96.55,10,69,7.65,MR,1652036264
209,cidreira,-30.1811,-50.2056,68.07,72,0,12.88,BR,1652036142
210,gladstone,-23.85,151.25,69.73,88,75,5.75,AU,1652036265
211,mgandu,-5.95,34.1333,65.61,57,94,4.97,TZ,1652036265
212,port hedland,-20.3167,118.5667,69.85,52,63,8.05,AU,1652036266
213,seoul,37.5683,126.9778,53.04,82,0,5.75,KR,1652036266
214,macatuba,-22.5022,-48.7114,81.54,54,14,5.66,BR,1652036267
215,pori,61.4833,21.7833,39.27,60,0,8.05,FI,1652036268
216,darhan,49.4867,105.9228,38.7,90,100,20.36,MN,1652036268
217,myaundzha,63.0494,147.1858,9.95,98,71,3.33,RU,1652036269
218,kahului,20.8947,-156.47,78.84,79,18,11.01,US,1652036234
219,tateyama,34.9833,139.8667,61.11,73,100,13.38,JP,1652036269
220,bambous virieux,-20.3428,57.7575,75.45,83,40,6.91,MU,1652035828
221,redmond,47.674,-122.1215,53.53,71,60,3.0,US,1652036270
222,algeciras,36.1333,-5.4505,65.88,77,0,6.91,ES,1652036271
223,kaeo,-35.1,173.7833,57.33,96,100,7.0,NZ,1652036271
224,tottori,35.5,134.2333,53.6,56,100,3.29,JP,1652036066
225,wewak,-3.5534,143.6268,80.2,87,99,9.17,PG,1652036272
226,dubbo,-32.25,148.6167,41.13,93,0,12.66,AU,1652036273
227,elko,41.0002,-115.5012,41.02,75,100,18.43,US,1652036273
228,quzhou,28.9594,118.8686,67.55,99,100,4.0,CN,1652036274
229,tairua,-37.0167,175.85,55.15,89,62,4.05,NZ,1652036274
230,vardo,70.3705,31.1107,30.18,74,0,13.8,NO,1652036275
231,bubaque,11.2833,-15.8333,77.38,70,17,8.25,GW,1652036275
232,araruna,-6.5583,-35.7417,77.68,71,100,10.29,BR,1652036276
233,carmen,18.6333,-91.8333,93.24,62,0,9.22,MX,1652036084
234,lososina,48.9975,140.3106,37.42,85,100,5.57,RU,1652036276
235,rudbar,30.15,62.6,89.04,17,2,11.56,AF,1652036277
236,santiago del estero,-27.7951,-64.2615,70.74,54,100,9.91,AR,1652036277
237,lazaro cardenas,17.9583,-102.2,84.54,53,18,10.54,MX,1652036278
238,la ronge,55.1001,-105.2842,50.25,37,75,18.41,CA,1652036278
239,yakeshi,49.2833,120.7333,47.41,27,3,7.36,CN,1652036279
240,miyoshi,35.0833,137.0667,60.78,55,59,2.75,JP,1652036280
241,guadalupe y calvo,26.1,-106.9667,76.71,10,83,11.86,MX,1652036280
242,biak,-0.9131,122.8766,77.09,86,100,6.35,ID,1652036281
243,quba,41.3626,48.5152,47.86,96,100,3.22,AZ,1652036281
244,wawa,9.9022,4.4192,83.46,61,100,7.07,NG,1652036282
245,nizwa,22.9333,57.5333,87.8,23,0,2.06,OM,1652035902
246,lagoa,39.05,-27.9833,61.84,77,48,10.94,PT,1652036282
247,netarhat,23.4833,84.2667,71.64,34,0,1.16,IN,1652036283
248,requena,39.4883,-1.1004,57.52,64,74,7.67,ES,1652036283
249,henties bay,-22.116,14.2845,60.39,68,0,8.14,NA,1652036264
250,vestmannaeyjar,63.4427,-20.2734,47.39,100,100,24.16,IS,1652036284
251,saint-georges,12.0564,-61.7485,85.68,66,40,24.16,GD,1652036167
252,lavrentiya,65.5833,-171.0,30.72,93,100,5.91,RU,1652036285
253,raudeberg,61.9875,5.1352,46.96,60,100,19.42,NO,1652036285
254,juneau,58.3019,-134.4197,49.98,100,28,4.61,US,1652036286
255,oyo,7.85,3.9333,80.96,73,66,8.3,NG,1652036059
256,lasa,46.6166,10.7002,53.37,97,100,1.63,IT,1652036287
257,shubarkuduk,49.1447,56.4872,56.3,35,100,18.5,KZ,1652036287
258,kununurra,-15.7667,128.7333,75.18,29,0,10.36,AU,1652036031
259,eidfjord,60.4675,7.0719,39.65,89,100,2.59,NO,1652036288
260,maniitsoq,65.4167,-52.9,32.97,78,3,17.0,GL,1652036289
261,timmins,48.4669,-81.3331,67.82,15,0,12.66,CA,1652036289
262,cuiluan,47.72,128.648,39.29,75,0,4.18,CN,1652036290
263,ostrovnoy,68.0531,39.5131,28.53,79,24,5.55,RU,1652036290
264,paka,4.6374,103.4368,80.53,94,100,2.3,MY,1652036291
265,sorong,-0.8833,131.25,79.81,86,100,4.07,ID,1652036291
266,imperia,43.9667,7.7833,61.41,63,88,8.08,IT,1652036292
267,la asuncion,11.0333,-63.8628,82.31,73,11,12.66,VE,1652036292
268,rabo de peixe,37.8,-25.5833,65.71,77,20,9.22,PT,1652036293
269,bahia blanca,-38.7196,-62.2724,77.65,29,1,12.55,AR,1652036293
270,price,39.5994,-110.8107,67.26,9,0,17.27,US,1652036165
271,strezhevoy,60.7333,77.5889,35.02,72,34,7.11,RU,1652036294
272,kiama,-34.6833,150.8667,57.38,86,95,1.99,AU,1652036295
273,dunmore town,25.5,-76.65,79.68,73,4,11.32,BS,1652036295
274,tiarei,-17.5333,-149.3333,82.42,79,19,11.43,PF,1652036296
275,halifax,44.6453,-63.5724,55.29,52,53,10.36,CA,1652036194
276,warrnambool,-38.3833,142.4833,48.81,88,24,5.93,AU,1652036297
277,north bend,43.4065,-124.2243,46.08,93,100,12.66,US,1652036081
278,sur,22.5667,59.5289,89.91,40,0,8.37,OM,1652036297
279,naze,28.3667,129.4833,68.92,95,100,7.61,JP,1652036071
280,sistranda,63.7256,8.834,46.36,68,100,11.61,NO,1652036298
281,baykit,61.67,96.37,22.01,93,83,4.34,RU,1652036299
282,chauk,20.8833,94.8167,79.84,81,92,7.25,MM,1652036299
283,soe,-9.8607,124.284,64.58,91,61,3.85,ID,1652036300
284,vao,-22.6667,167.4833,74.19,61,88,18.25,NC,1652036300
285,bela,25.9333,81.9833,88.27,34,0,9.42,IN,1652036301
286,cartagena,10.3997,-75.5144,89.22,70,40,11.5,CO,1652036301
287,belen,36.4891,36.2233,54.12,70,4,5.75,TR,1652036302
288,angoche,-16.2325,39.9086,74.19,80,0,5.61,MZ,1652036302
289,mahanoro,-19.9,48.8,73.6,90,43,5.59,MG,1652036303
290,guabito,9.5,-82.6167,87.94,64,15,7.78,PA,1652036303
291,lixourion,38.2019,20.4314,63.09,77,100,1.43,GR,1652036304
292,gaya,24.7833,85.0,84.11,65,75,6.91,IN,1652036304
293,santa helena de goias,-17.8136,-50.5969,87.84,37,0,3.62,BR,1652036305
294,tessalit,20.1986,1.0114,86.97,6,0,9.71,ML,1652036306
295,marawi,7.9986,124.2928,69.93,95,100,1.43,PH,1652036306
296,upernavik,72.7868,-56.1549,21.31,72,87,6.85,GL,1652036307
297,tatarsk,55.219,75.9828,45.57,75,28,6.2,RU,1652036307
298,hammerfest,70.6634,23.6821,32.45,86,75,9.22,NO,1652036308
299,birao,10.2849,22.7882,92.91,20,100,3.11,CF,1652036308
300,plettenberg bay,-34.0527,23.3716,57.67,72,99,5.66,ZA,1652036309
301,fortuna,40.5982,-124.1573,50.92,78,75,12.66,US,1652036309
302,bandarbeyla,9.4942,50.8122,83.1,83,6,7.58,SO,1652036310
303,tsabong,-26.0217,22.401,56.84,30,0,8.32,BW,1652036310
304,tual,-5.6667,132.75,83.37,80,100,9.8,ID,1652036311
305,palafrugell,41.9174,3.1631,68.77,44,95,4.03,ES,1652036311
306,birjand,32.8663,59.2211,73.87,23,20,13.8,IR,1652036312
307,erdenet,49.0333,104.0833,33.67,85,100,17.38,MN,1652036312
308,kankaanpaa,61.8,22.4167,38.16,64,10,5.48,FI,1652036313
309,urumqi,43.801,87.6005,59.95,39,0,6.71,CN,1652036042
310,samarinda,-0.5,117.15,74.77,98,100,1.41,ID,1652036314
311,tigil,57.8,158.6667,34.52,99,100,3.85,RU,1652036314
312,behshahr,36.6923,53.5526,58.95,93,96,4.72,IR,1652036315
313,beaver falls,40.752,-80.3192,67.1,32,0,17.0,US,1652036315
314,itaituba,-4.2761,-55.9836,82.56,83,75,4.61,BR,1652036316
315,conde,-7.2597,-34.9075,81.86,74,20,16.11,BR,1652036178
316,santa fe,-31.6333,-60.7,79.02,51,54,5.01,AR,1652036317
317,alegrete,-29.7831,-55.7919,72.73,65,75,6.46,BR,1652036317
318,sabya,17.1495,42.6254,87.42,67,0,4.97,SA,1652036318
319,gizo,-8.103,156.8419,82.13,78,94,5.53,SB,1652036318
320,codrington,-38.2667,141.9667,46.44,91,27,5.21,AU,1652036319
321,satka,55.0425,59.04,46.45,49,100,4.14,RU,1652036319
322,shingu,33.7333,135.9833,57.81,66,98,5.41,JP,1652036168
323,hapao,16.8797,121.016,66.7,96,13,0.27,PH,1652036320
324,yaguajay,22.3272,-79.2378,87.13,55,76,2.59,CU,1652036321
325,borogontsy,62.6683,131.1683,36.66,96,100,8.57,RU,1652036321
326,uige,-7.6087,15.0613,72.23,74,66,1.23,AO,1652036322
327,hay river,60.8156,-115.7999,31.98,93,100,17.27,CA,1652036322
328,salinopolis,-0.6136,-47.3561,76.17,93,100,2.77,BR,1652036323
329,tilichiki,60.4667,166.1,26.74,89,94,2.39,RU,1652036323
330,bongandanga,1.5,21.05,76.71,79,80,3.87,CD,1652036164
331,steubenville,40.3698,-80.634,65.41,31,0,4.0,US,1652036324
332,laguna,38.421,-121.4238,64.06,41,75,5.99,US,1652036116
333,chirnside,55.8022,-2.2093,59.52,72,62,8.63,GB,1652036325
334,mau,25.95,83.55,89.46,35,19,8.97,IN,1652036325
335,gryazovets,58.88,40.2525,42.3,93,100,7.74,RU,1652036326
336,yulara,-25.2406,130.9889,51.64,40,100,6.91,AU,1652036326
337,geraldton,-28.7667,114.6,55.81,94,0,5.75,AU,1652036327
338,victoria,22.2855,114.1577,77.38,78,100,8.01,HK,1652036102
339,leua,48.2156,18.6071,65.82,78,84,4.47,SK,1652036328
340,aripuana,-9.1667,-60.6333,83.08,73,80,1.07,BR,1652036328
341,corum,40.5,34.75,41.92,90,9,4.45,TR,1652036329
342,kalmunai,7.4167,81.8167,82.94,79,100,7.4,LK,1652036329
343,vaitape,-16.5167,-151.75,81.36,76,0,9.89,PF,1652036330
344,maceio,-9.6658,-35.7353,81.84,69,75,10.36,BR,1652036330
345,zakamensk,50.3741,103.2863,32.88,83,100,5.59,RU,1652036331
346,narsaq,60.9167,-46.05,40.96,74,99,3.89,GL,1652036331
347,caravelas,-17.7125,-39.2481,74.71,86,100,9.46,BR,1652036232
348,nuuk,64.1835,-51.7216,32.88,86,50,13.0,GL,1652036332
349,leesburg,39.1157,-77.5636,55.51,58,100,8.05,US,1652036102
350,boyolangu,-8.1181,111.8935,77.02,92,99,0.89,ID,1652036333
351,nemuro,43.3236,145.575,39.6,78,8,7.38,JP,1652036333
352,saint-ambroise,48.5501,-71.3324,62.58,17,0,5.75,CA,1652036334
353,cranbourne,-38.1,145.2833,54.45,80,68,1.99,AU,1652036335
354,panacan,9.2463,118.4082,80.62,82,100,7.05,PH,1652036335
355,bend,44.0582,-121.3153,40.28,82,0,6.91,US,1652036249
356,bruchsal,49.1281,8.5836,66.81,72,23,6.08,DE,1652036336
357,redcar,54.6166,-1.06,61.09,34,42,12.91,GB,1652036336
358,dali,25.7,100.1833,58.98,88,4,5.53,CN,1652036337
359,havre,49.5833,0.3333,62.35,72,0,9.22,FR,1652036337
360,luderitz,-26.6481,15.1594,60.12,56,55,13.6,NA,1652036217
361,sao joao da barra,-21.6403,-41.0511,78.89,71,57,14.56,BR,1652036338
362,bonavista,48.6499,-53.1147,35.11,67,6,12.28,CA,1652036339
363,tchollire,8.4022,14.1698,88.66,36,43,2.46,CM,1652036339
364,inta,66.0317,60.1659,45.73,78,97,13.56,RU,1652036340
365,vostok,46.4856,135.8833,31.28,91,76,5.7,RU,1652036340
366,iquique,-20.2208,-70.1431,68.04,72,4,9.17,CL,1652036341
367,banda aceh,5.5577,95.3222,80.24,81,100,7.07,ID,1652036342
368,kashi,39.4547,75.9797,74.41,21,20,8.95,CN,1652036342
369,wahiawa,21.5028,-158.0236,76.21,68,40,9.22,US,1652036343
370,phalodi,27.1333,72.3667,93.58,20,0,24.47,IN,1652036343
371,wagar,16.1525,36.2032,92.66,20,0,16.15,SD,1652036344
372,randfontein,-26.1844,27.702,48.6,81,16,10.18,ZA,1652036344
373,salalah,17.0151,54.0924,80.53,76,6,2.42,OM,1652036345
374,barrie,44.4001,-79.6663,65.57,31,0,9.22,CA,1652036107
375,karlskrona,56.1616,15.5866,46.85,73,47,6.73,SE,1652036346
376,teya,60.3778,92.6267,21.02,95,100,4.07,RU,1652036346
377,abu samrah,35.3029,37.1841,63.86,50,0,8.21,SY,1652036248
378,talnakh,69.4865,88.3972,9.21,96,77,6.46,RU,1652036347
379,hanzhong,33.0728,107.0303,61.81,86,100,2.48,CN,1652036348
380,muli,2.9167,73.5667,84.33,79,100,18.79,MV,1652036348
381,nhulunbuy,-12.2333,136.7667,81.21,83,75,8.05,AU,1652036349
382,bhitarwar,25.8,78.1167,89.83,16,0,8.03,IN,1652036349
383,machachi,-0.5,-78.5667,69.3,71,77,2.84,EC,1652036350
384,golden,39.7555,-105.2211,73.22,33,75,5.75,US,1652036058
385,port macquarie,-31.4333,152.9167,46.89,75,0,5.44,AU,1652036350
386,porbandar,21.6422,69.6093,82.13,76,0,13.33,IN,1652036294
387,kavali,14.9167,79.9833,82.99,65,100,2.91,IN,1652036351
388,pangoa,-12.1167,-73.0,84.63,48,19,3.49,PE,1652036352
389,zhangzhou,24.5133,117.6556,69.73,97,100,0.81,CN,1652036352
390,atambua,-9.1061,124.8925,73.02,85,27,7.7,ID,1652036353
391,dvinskoy,62.1535,45.1175,42.85,93,100,7.25,RU,1652036353
392,spencer,43.1414,-95.1444,58.55,85,100,12.15,US,1652036241
393,aste,45.7906,11.0961,60.3,81,100,1.63,IT,1652036354
394,kovdor,67.5662,30.4758,29.82,81,75,4.9,RU,1652036354
395,tiznit,29.5833,-9.5,84.0,16,9,4.38,MA,1652035911
396,niquelandia,-14.4739,-48.4597,90.41,30,65,4.05,BR,1652036355
397,deputatskiy,69.3,139.9,14.32,98,100,4.05,RU,1652036356
398,bibiani,6.4635,-2.3194,75.27,95,100,3.83,GH,1652036356
399,macenta,8.5435,-9.471,73.81,89,100,5.75,GN,1652036357
400,ventspils,57.3894,21.5606,42.73,61,0,10.36,LV,1652036357
401,egvekinot,66.3167,-179.1667,25.54,95,100,1.39,RU,1652036358
402,haimen,23.1935,116.6142,71.49,89,100,7.25,CN,1652036358
403,rio gallegos,-51.6226,-69.2181,50.05,43,20,37.98,AR,1652036359
404,kapit,2.0167,112.9333,74.43,100,100,0.78,MY,1652036359
405,araguacu,-12.9306,-49.8264,87.89,47,63,4.85,BR,1652036360
406,manado,1.487,124.8455,77.77,100,40,2.3,ID,1652036360
407,gurlan,41.8447,60.3919,75.11,49,100,11.97,UZ,1652036361
408,hamilton,39.1834,-84.5333,70.75,50,0,5.01,US,1652036223
409,muleba,-1.8397,31.6544,68.31,83,87,4.76,TZ,1652036362
410,yar-sale,66.8333,70.8333,35.51,100,100,10.69,RU,1652036362
411,kayes,14.0,-11.0,103.15,19,30,1.39,ML,1652036143
412,santa cruz,-17.8,-63.1667,86.05,42,20,14.97,BO,1652036363
413,lucea,18.451,-78.1736,84.06,65,22,5.84,JM,1652036363
414,zyryanka,65.75,150.85,29.1,82,17,12.97,RU,1652036364
415,anuradhapura,8.3565,80.4173,80.56,88,100,13.89,LK,1652036364
416,tanout,14.9709,8.8879,95.04,20,99,4.43,NE,1652036365
417,bougouni,11.417,-7.479,93.7,29,100,8.05,ML,1652036366
418,jalu,29.0331,21.5482,76.98,28,0,15.77,LY,1652036366
419,umea,63.8284,20.2597,42.91,45,0,8.05,SE,1652036367
420,honolulu,21.3069,-157.8583,79.3,71,75,11.5,US,1652036258
421,senigallia,43.7093,13.2167,62.1,85,15,1.01,IT,1652036367
422,naerbo,58.6667,5.65,49.98,73,100,5.75,NO,1652036368
423,talaya,61.3833,152.75,17.73,90,31,5.46,RU,1652036368
424,povenets,62.8487,34.8262,37.45,72,90,5.57,RU,1652036369
425,sirpur,19.4833,79.6,93.16,16,40,1.79,IN,1652036370
426,luena,-11.7833,19.9167,69.39,55,81,4.45,AO,1652036370
427,amapa,1.0,-52.0,78.28,96,71,3.78,BR,1652036371
428,medina del campo,41.3124,-4.9141,69.4,50,6,7.2,ES,1652036371
429,nepa nagar,21.4667,76.4,96.58,16,65,5.01,IN,1652036372
430,stornoway,58.2093,-6.3865,57.16,75,75,12.66,GB,1652036372
431,tubuala,9.5167,-79.0333,83.44,77,92,5.91,PA,1652036373
432,selty,57.3132,52.1345,45.45,67,1,5.57,RU,1652036373
433,livingston,55.9029,-3.5226,59.36,63,20,13.8,GB,1652036374
434,talara,-4.5772,-81.2719,79.56,57,0,19.57,PE,1652036075
435,acarau,-2.8856,-40.12,79.81,85,100,11.65,BR,1652036374
436,aykhal,66.0,111.5,9.21,95,100,12.55,RU,1652036375
437,aleksandrov gay,50.147,48.5704,48.65,66,100,9.84,RU,1652036375
438,bilibino,68.0546,166.4372,23.36,92,100,5.95,RU,1652036376
439,rimouski,48.4488,-68.524,51.98,48,0,1.79,CA,1652036110
440,avera,33.194,-82.5271,69.31,52,94,7.02,US,1652036377
441,luanda,-8.8368,13.2343,80.6,74,20,10.36,AO,1652036377
442,guiratinga,-16.3494,-53.7583,88.0,31,5,2.53,BR,1652036377
443,buraydah,26.326,43.975,82.85,15,7,9.53,SA,1652036325
444,padang,-0.9492,100.3543,77.05,82,100,3.0,ID,1652036378
445,dingle,10.9995,122.6711,78.12,87,100,8.19,PH,1652036379
446,xining,36.6167,101.7667,46.33,77,2,0.85,CN,1652036379
447,brownfield,33.1812,-102.2744,97.95,5,0,17.47,US,1652036380
448,kochi,9.9399,76.2602,82.38,83,100,9.37,IN,1652036380
449,acapulco,16.8634,-99.8901,86.54,57,38,10.02,MX,1652036381
450,dukat,62.55,155.55,18.23,89,5,5.91,RU,1652036381
451,douglas,41.3,-96.167,65.52,81,100,9.22,US,1652036169
452,cockburn town,21.4612,-71.1419,82.36,74,40,5.75,TC,1652036382
453,phalaborwa,-23.943,31.1411,72.68,52,93,13.67,ZA,1652036382
454,timaru,-44.4,171.25,56.07,97,100,5.99,NZ,1652036383
455,dongsheng,39.8161,109.9776,50.36,52,100,6.58,CN,1652036383
456,mackenzie,55.2999,-123.1698,41.22,81,75,5.75,CA,1652036384
457,abnub,27.2696,31.1511,89.82,13,99,3.69,EG,1652036384
458,villazon,-22.0866,-65.5942,61.3,9,0,26.4,BO,1652036385
459,torbay,47.6666,-52.7314,46.89,61,20,14.97,CA,1652036385
460,xinyu,27.8043,114.9334,69.15,99,100,2.3,CN,1652036386
461,lancaster,40.2504,-76.2499,62.78,46,7,8.01,US,1652036386
462,pinawa,50.1489,-95.8811,68.74,43,100,4.32,CA,1652036387
463,chilchotla,19.2548,-97.1844,81.28,28,64,7.7,MX,1652036387
464,agadez,19.75,10.25,94.08,12,100,7.38,NE,1652036388
465,harper,4.375,-7.7169,79.7,83,100,5.48,LR,1652036296
466,beyneu,45.3167,55.2,64.65,60,100,15.03,KZ,1652036389
467,chyhyryn,49.0838,32.6555,58.84,60,61,3.24,UA,1652036233
468,aksarka,66.5606,67.7975,35.87,100,100,9.44,RU,1652036389
469,kedrovyy,56.1667,91.8167,25.21,61,89,3.29,RU,1652036390
470,kachiry,53.0675,76.1036,51.24,49,45,3.38,KZ,1652036390
471,oksfjord,70.2396,22.3479,35.67,93,100,8.16,NO,1652036391
472,dordrecht,51.81,4.6736,60.94,74,3,4.0,NL,1652036211
473,saint-joseph,-21.3667,55.6167,71.98,80,18,7.56,RE,1652036392
474,vila franca do campo,37.7167,-25.4333,66.61,75,91,1.9,PT,1652036392
475,sulangan,11.1373,123.7228,82.24,77,39,16.67,PH,1652036393
476,constitucion,-35.3333,-72.4167,57.74,79,100,2.84,CL,1652036273
477,jardim,-21.4803,-56.1381,84.87,30,0,3.31,BR,1652036393
478,marsa matruh,31.3525,27.2453,68.2,77,20,16.11,EG,1652036394
479,shelburne,44.0787,-80.2041,62.91,43,0,10.92,CA,1652036395
480,vanavara,60.34,102.2797,26.47,86,100,11.05,RU,1652036395
481,dubti,11.7361,41.0853,93.99,37,60,14.05,ET,1652036396
482,bull savanna,17.8868,-77.5902,82.92,61,16,14.56,JM,1652036396
483,sao jose da coroa grande,-8.8978,-35.1478,78.67,82,26,10.96,BR,1652036397
484,zhanaozen,43.3,52.8,57.6,83,60,15.26,KZ,1652036397
485,varhaug,58.6147,5.6457,49.86,69,100,3.62,NO,1652036398
486,varkkallai,8.7341,76.7067,83.98,85,100,10.49,IN,1652036398
487,chatellerault,46.8,0.5333,70.52,58,100,7.31,FR,1652036399
488,souillac,-20.5167,57.5167,75.58,83,40,6.91,MU,1652036399
489,pisco,-13.7,-76.2167,73.45,49,12,16.11,PE,1652036400
490,homberg,51.0333,9.4,61.61,48,51,5.75,DE,1652036400
491,pathein,16.7833,94.7333,79.07,89,100,2.66,MM,1652036401
492,maragogi,-9.0122,-35.2225,78.69,82,13,11.12,BR,1652036402
493,ampanihy,-24.7,44.75,70.3,85,9,2.82,MG,1652036403
494,umm kaddadah,13.6017,26.6876,87.15,5,85,12.41,SD,1652036404
495,twentynine palms,34.1356,-116.0542,81.86,24,1,1.01,US,1652036295
496,kattivakkam,13.2167,80.3167,86.09,85,100,7.16,IN,1652036405
497,tarumovka,44.0761,46.5361,49.91,86,100,12.93,RU,1652036406
498,christchurch,-43.5333,172.6333,56.91,92,100,3.0,NZ,1652036320
499,quatre cocos,-20.2078,57.7625,73.09,86,25,9.89,MU,1652036411
500,abu dhabi,24.4667,54.3667,84.96,71,0,10.8,AE,1652036413
501,turtas,58.9417,69.1325,48.69,68,100,4.74,RU,1652036414
502,toora-khem,52.4675,96.11,27.32,75,100,4.18,RU,1652036415
503,penzance,50.1186,-5.5371,53.8,87,97,11.83,GB,1652036415
504,bintulu,3.1667,113.0333,78.12,89,100,5.53,MY,1652036416
505,vila do maio,15.1333,-23.2167,71.73,81,31,15.05,CV,1652036417
506,sveio,59.5419,5.3518,46.72,64,100,2.93,NO,1652036417
507,kindu,-2.95,25.95,70.66,95,100,0.11,CD,1652036418
508,ariquemes,-9.9133,-63.0408,84.27,70,47,3.49,BR,1652036418
509,tyulyachi,55.8913,50.2399,47.95,55,8,6.82,RU,1652036419
510,awallan,17.9244,121.913,75.65,92,66,3.62,PH,1652036419
511,abbeville,50.1,1.8333,62.49,76,71,10.22,FR,1652036420
512,ukiah,39.1502,-123.2078,53.37,72,56,5.01,US,1652036421
513,dalvik,65.9702,-18.5286,46.33,95,100,2.62,IS,1652036296
514,sibut,5.718,19.0739,75.58,83,100,6.69,CF,1652036421
515,sobolevo,54.4299,31.8996,47.59,85,100,5.86,RU,1652036374
516,dashitou,43.3067,128.5114,37.09,48,0,2.3,CN,1652036422
517,lazo,43.3817,133.9014,37.27,60,74,3.78,RU,1652036423
518,saint john,45.2727,-66.0677,56.17,44,100,7.43,CA,1652036424
519,norman wells,65.282,-126.8329,39.24,60,75,5.75,CA,1652035904
520,miracema do tocantins,-9.5618,-48.3967,89.08,46,9,5.03,BR,1652036425
521,porto novo,6.4965,2.6036,82.18,80,5,11.45,BJ,1652036425
522,quang ngai,15.1167,108.8,75.16,91,99,2.73,VN,1652036335
523,bure,10.7,37.0667,66.47,63,98,3.29,ET,1652036426
524,matagami,49.7502,-77.6328,64.51,16,0,17.27,CA,1652036427
525,batagay-alyta,67.8006,130.4114,24.31,96,100,2.77,RU,1652036427
526,namatanai,-3.6667,152.4333,80.49,82,100,11.23,PG,1652036428
527,suhbaatar,50.2314,106.2078,38.7,87,100,15.05,MN,1652036428
528,semey,50.4111,80.2275,45.18,32,3,6.15,KZ,1652036429
529,la rochelle,46.1667,-1.15,66.27,72,0,6.91,FR,1652036429
530,bedong,5.7274,100.5088,76.33,96,100,1.48,MY,1652036430
531,ambon,-3.6954,128.1814,77.14,94,40,4.61,ID,1652036430
532,te anau,-45.4167,167.7167,47.61,93,100,1.21,NZ,1652036431
533,buala,-8.145,159.5921,80.44,85,100,8.43,SB,1652036141
534,ugoofaaru,5.6667,73.0,84.34,78,100,17.18,MV,1652036431
535,den helder,52.9599,4.7593,51.96,73,14,14.0,NL,1652036432
536,jacareacanga,-6.2222,-57.7528,89.08,55,15,3.36,BR,1652036433
537,huarmey,-10.0681,-78.1522,71.29,74,100,12.5,PE,1652036433
538,atbasar,51.8,68.3333,48.45,39,10,8.55,KZ,1652036434
539,karaton,-6.3424,106.1045,76.77,89,100,3.22,ID,1652036434
540,zhangye,38.9342,100.4517,60.69,35,13,6.06,CN,1652036435
541,pestovo,58.5938,35.8024,40.57,88,100,4.65,RU,1652036435
542,sorland,67.667,12.6934,39.06,98,100,12.91,NO,1652036436
543,coari,-4.085,-63.1414,82.9,78,60,1.77,BR,1652036142
544,lufilufi,-13.8745,-171.5986,82.83,72,100,8.57,WS,1652036437
545,zhigansk,66.7697,123.3711,21.04,94,100,25.64,RU,1652036437
546,ixtapa,20.7,-105.2,93.67,33,40,8.72,MX,1652036418
547,hovd,48.0056,91.6419,36.79,46,9,13.44,MN,1652036438
548,pizhanka,57.4604,48.542,48.38,66,56,9.62,RU,1652036439
549,arman,59.7,150.1667,32.95,82,83,5.12,RU,1652036439
550,kolobrzeg,54.1757,15.5834,49.15,84,6,11.43,PL,1652036440
551,konevo,62.1215,39.3192,37.54,88,100,4.47,RU,1652036440
